codigo_ine,ods_objetivo,promedio_metas,n_metas
43001,1,40.61639258575,4
43001,10,48.82204587055555,3
43001,11,74.78983022,5
43001,12,57.76709570275,2
43001,13,22.4,1
43001,15,73.05340756999999,2
43001,16,9.997738068,1
43001,17,32.1329399525,2
43001,2,22.60163782575,2
43001,4,51.287384166432005,5
43001,5,69.49348659,3
43001,6,57.2787741,1
43001,7,0.0,1
43001,8,90.15080459666666,3
43002,1,63.96471498583333,4
43002,10,59.876327412222224,3
43002,11,55.30044985875,4
43002,12,56.443065425,2
43002,13,96.2,1
43002,15,49.9914684175,2
43002,16,32.57181633,1
43002,17,31.214309252499998,2
43002,2,15.12737680875,2
43002,4,61.59765739098,5
43002,5,75.03122605333333,3
43002,6,98.19539165,1
43002,7,96.35464046,1
43002,8,91.477988505,3
43003,1,65.811324945,4
43003,10,70.06458146333334,3
43003,11,45.889244771,5
43003,12,79.6411905,2
43003,13,74.1,1
43003,15,78.26551097750001,2
43003,16,0.0,1
43003,17,34.2593945825,2
43003,2,15.217923573562501,2
43003,5,66.16888889,3
43003,6,100.0,1
43003,7,93.1918703,1
43003,8,98.14333333333333,3
43004,1,44.53375899416666,4
43004,10,33.318461021944444,3
43004,11,37.54958807625,6
43004,12,51.213999075749996,2
43004,13,0.0,1
43004,14,50.0,1
43004,15,47.4774784025,2
43004,16,42.34336123,1
43004,17,22.8936363575,2
43004,2,38.616309143500004,2
43004,4,65.24670801923,5
43004,5,96.75287356333332,3
43004,6,94.882265445,2
43004,7,80.26921249,1
43004,8,70.43315843333333,3
43005,1,73.10333198416666,4
43005,10,74.17865524888889,3
43005,11,51.8144917186,5
43005,12,77.5022307225,2
43005,13,0.0,1
43005,15,61.393709255000005,2
43005,16,50.98394029,1
43005,17,30.977880239999998,2
43005,2,24.652856566375,2
43005,4,64.50262336349999,5
43005,5,96.35057471333334,3
43005,6,77.28663243,2
43005,7,16.81980836,1
43005,8,75.43824376833334,3
43005,9,15.00802568,1
43006,1,58.79585185,5
43006,10,45.43860404611112,3
43006,11,57.912947908,5
43006,12,78.716034385,2
43006,13,0.0,1
43006,15,49.252999637100004,2
43006,16,0.0,1
43006,17,26.41352600525,2
43006,2,50.0,2
43006,4,60.632806951999996,5
43006,5,94.68390804666667,3
43006,6,100.0,1
43006,7,88.088005,1
43006,8,91.39497746666666,3
43007,1,69.98064815333333,3
43007,10,76.87829938055556,3
43007,11,53.2309351088,5
43007,12,82.5646807225,2
43007,13,84.2,1
43007,15,56.381932945,2
43007,16,0.0,1
43007,17,25.15254206325,2
43007,2,34.0114001575,2
43007,4,100.0,1
43007,5,88.93448276,3
43007,6,100.0,1
43007,7,83.23134611,1
43007,8,82.76585899166666,3
43008,1,54.77800032333334,3
43008,10,36.14170043833334,2
43008,11,61.194414888,4
43008,12,76.507545925,2
43008,13,0.0,1
43008,15,99.913644215,2
43008,16,0.0,1
43008,17,33.309888745,2
43008,2,29.3697760445,2
43008,4,100.0,1
43008,5,96.62356322,3
43008,6,100.0,1
43008,7,92.56836482,1
43008,8,93.40505747000002,3
43009,1,51.4876660966,5
43009,10,68.56423737666667,3
43009,11,44.2491613142,5
43009,12,69.07975705000001,2
43009,13,0.0,1
43009,15,68.87817838000001,2
43009,16,0.0,1
43009,17,26.096110634,2
43009,2,27.452900739125,2
43009,4,66.212469555203,5
43009,5,90.48888889,3
43009,6,100.0,1
43009,7,98.49070171,1
43009,8,95.38833333333332,3
43010,1,59.1725495025,4
43010,10,55.25532831944444,3
43010,11,57.820657701,5
43010,12,90.12496937,2
43010,13,94.7,1
43010,15,25.978698905,2
43010,16,2.284551007,1
43010,17,31.2350426575,2
43010,2,22.7616693415,2
43010,4,100.0,1
43010,5,94.65517241333333,3
43010,6,100.0,1
43010,7,89.6105745,1
43010,8,77.98988505666667,3
43010,9,100.0,1
43011,1,89.74462001666666,3
43011,10,83.44424518666666,3
43011,11,50.013562019666665,6
43011,12,91.50284177500001,2
43011,13,96.7,1
43011,15,40.568989079999994,2
43011,16,15.24541959,1
43011,17,29.87403862,2
43011,2,26.470103435749998,2
43011,4,77.83891082170001,5
43011,5,81.47777777666667,3
43011,6,99.93264292,1
43011,7,100.0,1
43011,8,92.19444577833333,3
43012,1,85.07448886083333,4
43012,10,59.267995873055554,3
43012,11,28.834216334999997,6
43012,12,51.24202215,2
43012,13,96.0,1
43012,14,66.66666666666667,1
43012,15,5.084643464475,2
43012,16,41.61954309,1
43012,17,41.66368471,2
43012,2,9.936561724875,2
43012,4,72.01881703090001,5
43012,5,98.54885057333333,3
43012,6,91.09202661,1
43012,7,88.6175262,1
43012,8,66.17597802833333,3
43013,1,55.962534505,4
43013,10,31.476742913888884,3
43013,11,44.613749559999995,5
43013,12,14.10806175,2
43013,13,0.0,1
43013,14,51.07,1
43013,15,30.409583679999997,2
43013,16,40.01357159,1
43013,17,18.95951698,2
43013,2,40.320249505,2
43013,4,55.8,1
43013,5,83.45651341,3
43013,6,30.989868375,2
43013,7,67.8792127,1
43013,8,81.701944015,3
43013,9,11.31621188,1
43014,1,38.236339,4
43014,10,32.86860804944444,3
43014,11,39.717533261,5
43014,12,68.1408707875,2
43014,13,44.8,1
43014,14,99.10499999999999,1
43014,15,55.263963322500004,2
43014,16,30.487829493333333,3
43014,17,51.1756480975,2
43014,2,27.9719525975,2
43014,3,50.55712535533333,6
43014,4,51.286512564683335,6
43014,5,93.50574712666666,3
43014,6,95.60635402,2
43014,7,83.13965413,1
43014,8,75.55135891833334,3
43014,9,3.852327448,1
43015,1,100.0,2
43015,10,59.96933551833333,2
43015,11,73.83341110625,4
43015,12,40.320714635,2
43015,13,29.5,1
43015,15,98.4324458825,2
43015,16,0.0,1
43015,17,26.563327792,2
43015,2,17.40347811325,2
43015,5,94.06609195333333,3
43015,6,100.0,1
43015,7,100.0,1
43015,8,79.85408045999999,3
43016,1,45.60105034666667,4
43016,10,45.04700511277778,3
43016,11,29.8162585718,5
43016,12,90.3286114075,2
43016,13,0.0,1
43016,15,20.1802291497,2
43016,16,55.05541733,1
43016,17,31.478485735,2
43016,2,11.393203618,2
43016,4,0.0,1
43016,5,76.99099616666666,3
43016,6,47.01523954,2
43016,7,0.0,1
43016,8,84.12944590333335,3
43016,9,14.52648475,1
43017,1,92.575962605,2
43017,10,46.069612475,2
43017,11,87.67154911625,4
43017,12,92.0893382725,2
43017,13,0.0,1
43017,15,73.762233735,2
43017,16,0.0,1
43017,17,40.7602440675,2
43017,2,3.345435685,2
43017,5,97.82896551666666,3
43017,6,100.0,1
43017,7,82.6207499,1
43017,8,76.91126436833333,3
43018,1,66.66666667,1
43018,10,37.10957713,2
43018,11,80.04155357125,4
43018,12,56.8444106625,2
43018,13,51.8,1
43018,15,94.91225616,2
43018,16,0.0,1
43018,17,16.0744017275,2
43018,2,29.64566638675,2
43018,4,100.0,1
43018,5,98.64888889000001,3
43018,6,63.87696107,1
43018,7,84.51213833,1
43018,8,83.18318184166667,3
43019,1,61.989134717,5
43019,10,46.62947308722223,3
43019,11,65.993826369,5
43019,12,73.775116115,2
43019,13,49.9,1
43019,15,57.75658215,2
43019,16,93.19158561,1
43019,17,50.0,2
43019,2,24.83929010875,2
43019,4,55.739568427799995,5
43019,5,91.19291188,3
43019,6,65.23252224,1
43019,7,83.43741178,1
43019,8,94.45262248,3
43020,1,50.12456032153334,5
43020,10,76.67236125555554,3
43020,11,31.487553452999997,5
43020,12,63.1571029175,2
43020,13,77.8,1
43020,15,7.052389175,2
43020,16,49.31011083,1
43020,17,31.1135570625,2
43020,2,13.830519899375,2
43020,4,62.38116734666001,5
43020,5,68.02030651333334,3
43020,6,99.82880076,1
43020,7,85.26944172,1
43020,8,88.73667590833332,3
43021,1,62.65743505333333,3
43021,10,61.91714057833333,2
43021,11,74.000871771,5
43021,12,86.720947935,2
43021,13,0.0,1
43021,15,49.3570536425,2
43021,16,16.98710699,1
43021,17,24.46124093,2
43021,2,25.0585480093625,2
43021,4,100.0,1
43021,5,71.21762452333333,3
43021,6,60.47262215,1
43021,7,87.64631507,1
43021,8,95.96620689666668,3
43021,9,100.0,1
43022,1,47.4009133925,4
43022,10,37.01837965944444,3
43022,11,64.50446816899999,5
43022,12,94.5912364175,2
43022,13,56.6,1
43022,15,65.12090019,2
43022,16,4.365528161,1
43022,17,28.16730302,2
43022,2,25.357738528062498,2
43022,4,61.18059302457,5
43022,5,67.50977011333333,3
43022,6,100.0,1
43022,7,99.0158796,1
43022,8,92.016916655,3
43023,1,34.876124305,2
43023,10,41.398620075,2
43023,11,66.70637243125,4
43023,12,91.33864583,2
43023,13,93.0,1
43023,15,69.5176295625,2
43023,16,0.0,1
43023,17,25.0,2
43023,2,32.85338689625,2
43023,4,100.0,1
43023,5,94.26724138000002,3
43023,6,78.74042267,1
43023,7,91.84110262,1
43023,8,95.87218390833334,3
43024,1,42.1280281752,5
43024,10,47.63216620055555,3
43024,11,22.488978075200002,5
43024,12,82.98015832749999,2
43024,13,62.3,1
43024,15,16.604571710000002,2
43024,16,53.44944583,1
43024,17,34.1604191825,2
43024,2,13.83536248575,2
43024,4,55.622619070569996,5
43024,5,64.75881226,3
43024,6,97.46568999,1
43024,7,73.66883751,1
43024,8,74.656609195,3
43025,1,51.779432506250004,4
43025,10,52.973989295,3
43025,11,65.250315305,5
43025,12,69.016822455,2
43025,13,0.0,1
43025,15,92.59031758500001,2
43025,16,0.0,1
43025,17,2.51785747,2
43025,2,30.52580729,2
43025,4,64.4973804726,5
43025,5,99.37777777666668,3
43025,6,100.0,1
43025,7,87.22042994,1
43025,8,97.37666666666667,3
43026,1,56.07050114125,4
43026,10,36.02777180611111,3
43026,11,57.5117604206,5
43026,12,71.64802276500001,2
43026,13,24.3,1
43026,15,67.7665716475,2
43026,16,0.0,1
43026,17,26.72335507,2
43026,2,34.3929316675,2
43026,4,45.785774084399996,5
43026,5,100.0,3
43026,6,100.0,1
43026,7,86.19420362,1
43026,8,98.44666666666667,3
43027,1,11.11111111,1
43027,10,29.319268665,2
43027,11,56.03630846833334,3
43027,12,82.15,2
43027,13,31.9,1
43027,15,69.7531302545,2
43027,17,28.209320595,2
43027,2,25.516962958249998,2
43027,4,100.0,1
43027,5,83.57279693666668,3
43027,6,100.0,1
43027,7,93.25774375,1
43027,8,98.13666666666666,3
43028,1,39.70307948995333,5
43028,10,52.97123544722222,3
43028,11,40.113092402,5
43028,12,63.25180103,2
43028,13,27.8,1
43028,15,51.734406050000004,2
43028,16,55.6887582,1
43028,17,39.77283107,2
43028,2,16.4779841175,2
43028,4,86.7,1
43028,5,85.30363984666667,3
43028,6,83.97182229,1
43028,7,48.83346082,1
43028,8,91.44,3
43029,1,64.017714355,2
43029,10,51.92073094,2
43029,11,50.347009373000006,5
43029,12,83.5593729225,2
43029,13,0.0,1
43029,15,58.103219925,2
43029,16,0.0,1
43029,17,29.633807705,2
43029,2,29.766892348749998,2
43029,4,100.0,1
43029,5,96.88218390666667,3
43029,6,100.0,1
43029,7,91.23291935,1
43029,8,94.31822244166666,3
43030,1,28.208415447500002,4
43030,10,35.53529963872222,3
43030,11,71.587696308,5
43030,12,58.468292085,2
43030,13,83.6,1
43030,15,71.39546891750001,2
43030,16,16.12757295,1
43030,17,7.2337776585,2
43030,2,21.6842844125,2
43030,4,50.31664251297,5
43030,5,61.490613026666665,3
43030,6,100.0,1
43030,7,100.0,1
43030,8,83.22528735666667,3
43031,1,72.45407270375,4
43031,10,64.61858048055556,3
43031,11,45.309943915000005,5
43031,12,68.6734114125,2
43031,13,68.2,1
43031,15,36.9785307,2
43031,16,3.121465732,1
43031,17,20.12449637575,2
43031,2,33.071909939875,2
43031,4,100.0,1
43031,5,96.07758620666668,3
43031,6,100.0,1
43031,7,87.18894098,1
43031,8,94.74017241333333,3
43031,9,38.12199037,1
43032,1,61.818420925,3
43032,10,43.32991992388889,3
43032,11,50.5982595325,4
43032,12,82.41212949,2
43032,13,97.5,1
43032,15,75.5273550125,2
43032,16,0.0,1
43032,17,31.2526575925,2
43032,2,29.6805281625,2
43032,4,57.8516856149,5
43032,5,90.71609195333333,3
43032,6,100.0,1
43032,7,89.30171729,1
43032,8,98.14333333333333,3
43033,1,63.3478480695,4
43033,10,74.81407461944444,3
43033,11,43.0986996746,5
43033,12,87.58496396999999,2
43033,13,97.2,1
43033,15,32.49624128725,2
43033,16,0.0,1
43033,17,18.368768355,2
43033,2,43.983918886249995,2
43033,4,62.766092265199994,5
43033,5,98.59195402333334,3
43033,6,100.0,1
43033,7,32.41396035,1
43033,8,95.77839080333335,3
43033,9,75.12038523,1
43034,1,53.201954490599995,5
43034,10,58.54502018388889,3
43034,11,39.9788269366,5
43034,12,84.4908602925,2
43034,13,0.0,1
43034,15,35.384831164925,2
43034,16,0.0,1
43034,17,19.733007291925,2
43034,2,22.759960693750003,2
43034,4,68.76136088076001,5
43034,5,99.38218390666667,3
43034,6,100.0,1
43034,7,0.0,1
43034,8,80.08,3
43035,1,43.652178594999995,2
43035,10,36.698146682,2
43035,11,46.953971771000006,5
43035,12,86.4132688075,2
43035,13,63.8,1
43035,15,93.3420738775,2
43035,16,0.0,1
43035,17,25.0,2
43035,2,31.93193349875,2
43035,4,100.0,1
43035,5,89.76781609333334,3
43035,6,100.0,1
43035,7,100.0,1
43035,8,97.35114942666667,3
43036,1,32.215136334,4
43036,10,53.42840264777777,3
43036,11,54.871981896659996,5
43036,12,65.24314276999999,2
43036,13,88.9,1
43036,15,61.7977706125,2
43036,16,20.01809545,1
43036,17,23.394188819999997,2
43036,2,20.08917398575,2
43036,4,52.30239931692999,5
43036,5,61.79137931,3
43036,6,100.0,1
43036,7,0.0,1
43036,8,76.008390805,3
43037,1,56.32014026,4
43037,10,39.45728871222223,3
43037,11,27.441764564,5
43037,12,53.423601902499996,2
43037,13,75.7,1
43037,14,60.0,1
43037,15,8.762383145,2
43037,16,43.05812652,3
43037,17,37.337965615,2
43037,2,17.224702178250002,2
43037,3,88.58533541177776,6
43037,4,59.91109373005833,6
43037,5,74.76800766333334,3
43037,6,40.381569821,2
43037,7,96.53850701,1
43037,8,70.22907099319998,3
43037,9,3.210272873,1
43038,1,61.07168303333333,4
43038,10,47.716283762222226,3
43038,11,22.616057102600003,5
43038,12,44.098818148499994,2
43038,13,58.8,1
43038,14,46.666666666666664,1
43038,15,0.21626901075,2
43038,16,44.97380398333333,3
43038,17,46.00198846,2
43038,2,18.819572265374997,2
43038,3,46.93912094155556,6
43038,4,56.180275986625,6
43038,5,88.25919540333332,3
43038,6,60.74836519,2
43038,7,84.64545365,1
43038,8,80.80294801166667,3
43038,9,4.895666132,1
43039,1,100.0,1
43039,10,75.75807538333333,2
43039,11,82.00320493125,4
43039,12,66.96502495749999,2
43039,13,39.9,1
43039,15,99.10765688000001,2
43039,16,0.0,1
43039,17,42.3208315825,2
43039,2,16.7678038795,2
43039,5,78.09777778,3
43039,6,100.0,1
43039,7,91.51366572,1
43039,8,82.29596979666667,3
43040,1,62.178619755,2
43040,10,43.71801360333333,2
43040,11,53.42220651375,4
43040,12,93.975794175,2
43040,13,79.4,1
43040,15,96.80918564499999,2
43040,16,0.0,1
43040,17,25.0,2
43040,2,28.56978897625,2
43040,4,100.0,1
43040,5,91.64999999999999,3
43040,6,100.0,1
43040,7,100.0,1
43040,8,97.02666666666666,3
43041,1,44.44444444,1
43041,10,32.196470545000004,2
43041,11,70.799840321,4
43041,12,61.9546675075,2
43041,13,79.2,1
43041,15,69.392630626,2
43041,16,0.0,1
43041,17,31.6199425,2
43041,2,25.41401806625,2
43041,4,100.0,1
43041,5,93.57758620666668,3
43041,6,91.03028262,1
43041,7,98.61762272,1
43041,8,91.667471265,3
43042,1,70.3627960614,5
43042,10,74.69332349277778,3
43042,11,55.772605541000004,5
43042,12,98.1,2
43042,13,99.5,1
43042,15,10.54137017,2
43042,16,20.78715223,1
43042,17,30.7523974625,2
43042,2,28.70662460625,2
43042,4,68.73704360629999,5
43042,5,94.35536398333333,3
43042,6,100.0,1
43042,7,100.0,1
43042,8,92.957704115,3
43043,1,64.81215892826667,5
43043,10,71.93380700111112,3
43043,11,49.842088612,5
43043,12,64.779905105,2
43043,13,58.0,1
43043,15,25.109322724000002,2
43043,16,49.24225288,1
43043,17,32.10462376,2
43043,2,10.543331988624999,2
43043,4,0.0,1
43043,5,82.89042145333333,3
43043,6,91.05834807,1
43043,7,83.28129411,1
43043,8,85.48716252833333,3
43044,1,49.43573946666667,4
43044,10,33.64791377777778,3
43044,11,62.98799991999999,5
43044,12,88.0406926675,2
43044,13,80.7,1
43044,15,87.238095695,2
43044,16,31.48608912,1
43044,17,21.8113248075,2
43044,2,21.90791655875,2
43044,4,99.7,1
43044,5,94.16666666666667,3
43044,6,100.0,2
43044,7,84.17010311,1
43044,8,68.05257970000001,3
43044,9,14.36597111,1
43045,1,100.0,1
43045,10,37.22502311333333,2
43045,11,76.63000585,4
43045,12,87.3,2
43045,13,42.8,1
43045,15,98.98295596,2
43045,16,0.0,1
43045,17,25.0,2
43045,2,26.1489835245,2
43045,5,84.10440613,3
43045,6,100.0,1
43045,7,97.43841556,1
43045,8,98.13,3
43046,1,50.0,2
43046,10,42.639945665,2
43046,11,60.4554986988,5
43046,12,79.1067515675,2
43046,13,0.0,1
43046,15,66.920488395,2
43046,16,0.0,1
43046,17,50.0,2
43046,2,22.16088328125,2
43046,5,90.64888889000001,3
43046,6,100.0,1
43046,7,86.45600836,1
43046,8,95.47045977,3
43047,1,23.716831656666663,5
43047,10,30.007312739444444,3
43047,11,33.2308493476,5
43047,12,50.450441489999996,2
43047,13,75.9,1
43047,15,0.0,2
43047,16,31.44085049,1
43047,17,17.5048868275,2
43047,2,24.118389123625,2
43047,4,54.775424077770005,5
43047,5,76.28697318,3
43047,6,54.81748437500001,2
43047,7,22.68435518,1
43047,8,87.54629614166667,3
43047,9,11.79775281,1
43048,1,52.28553015625,4
43048,10,34.58117106722222,3
43048,11,60.916093914600005,5
43048,12,92.4,2
43048,13,0.0,1
43048,15,65.15682567249999,2
43048,16,0.0,1
43048,17,29.6454452225,2
43048,2,24.400299390125,2
43048,4,40.27274736627,5
43048,5,92.06666666666666,3
43048,6,100.0,1
43048,7,100.0,1
43048,8,97.50999999999999,3
43049,1,50.4100028,3
43049,10,56.77368961611111,3
43049,11,67.411702053,5
43049,12,55.503195485,2
43049,13,0.0,1
43049,15,88.39310750000001,2
43049,16,46.12078715,1
43049,17,24.384736787500003,2
43049,2,25.868145055,2
43049,4,52.99756860648999,5
43049,5,91.86551723999999,3
43049,6,100.0,1
43049,7,96.25872582,1
43049,8,97.90333333333335,3
43050,1,67.77995974083333,4
43050,10,44.71327243555555,3
43050,11,18.52374952636,5
43050,12,35.85,2
43050,13,70.4,1
43050,14,50.035,1
43050,15,30.021088305,2
43050,16,79.16760914,1
43050,17,24.02994209,2
43050,2,14.139805531250001,2
43050,4,66.18143746936,5
43050,5,94.64080459666667,3
43050,6,70.80351379,1
43050,7,84.78733492,1
43050,8,93.274310345,3
43051,1,52.34806969,4
43051,10,40.26352019,3
43051,11,28.278657045,5
43051,12,67.75,2
43051,13,42.3,1
43051,14,66.66666666666667,1
43051,15,11.8320078125,2
43051,16,82.76408052,1
43051,17,45.4909739275,2
43051,2,0.249737118875,2
43051,3,87.45658938000001,6
43051,4,65.1475356706,5
43051,5,92.81609195333333,3
43051,6,47.392719825,2
43051,7,100.0,1
43051,8,65.33530583833333,3
43052,1,31.1525790846,5
43052,10,26.694687335277777,3
43052,11,50.243578657,5
43052,12,66.578703555,2
43052,13,0.0,1
43052,15,56.945629036,2
43052,16,0.0,1
43052,17,31.1377628375,2
43052,2,44.605367423749996,2
43052,4,71.49435188301,5
43052,5,88.06973180333334,3
43052,6,100.0,1
43052,7,92.54266693,1
43052,8,92.51672413833334,3
43053,1,65.558835995,2
43053,10,38.72617387333333,2
43053,11,66.506947998,5
43053,12,86.7703948025,2
43053,13,69.6,1
43053,15,67.947610825,2
43053,16,4.071477041,1
43053,17,34.8147573025,2
43053,2,28.9078715125,2
43053,4,100.0,1
43053,5,62.94540229999999,3
43053,6,100.0,1
43053,7,100.0,1
43053,8,93.16172413666668,3
43054,1,64.35553438646667,5
43054,10,57.41087018333334,3
43054,11,46.034972684,5
43054,12,90.26101695,2
43054,13,0.0,1
43054,15,53.50501681,2
43054,16,0.0,1
43054,17,24.272893607500002,2
43054,2,23.5592424,2
43054,4,60.7,1
43054,5,81.19501915666667,3
43054,6,100.0,1
43054,7,84.75801762,1
43054,8,95.74390804666666,3
43055,1,55.973383079333324,5
43055,10,57.306928959888886,3
43055,11,56.8052949174,5
43055,12,90.444773165,2
43055,13,32.1,1
43055,15,71.35642498,2
43055,16,3.030988464,1
43055,17,12.7234064425,2
43055,2,31.71125724275,2
43055,4,63.31460730445,5
43055,5,80.83582375333333,3
43055,6,50.0,2
43055,7,91.95752731,1
43055,8,88.05584591833333,3
43056,1,76.2114826425,2
43056,10,51.26025599,3
43056,11,62.99868023525,4
43056,12,82.76448981,2
43056,13,13.3,1
43056,15,67.4172851,2
43056,16,0.0,1
43056,17,34.766802462499996,2
43056,2,25.698947820625,2
43056,4,100.0,1
43056,5,97.45689655333332,3
43056,6,100.0,1
43056,7,94.73000331,1
43056,8,97.60666666666667,3
43057,1,100.0,1
43057,10,81.00775193999999,2
43057,11,74.99963094625,4
43057,12,62.458037245,2
43057,13,0.0,1
43057,15,100.0,2
43057,16,0.0,1
43057,17,16.2475565875,2
43057,2,20.900848986375,2
43057,5,62.54099616666667,3
43057,6,100.0,1
43057,7,81.92328759,1
43057,8,88.89620689666667,3
43058,1,48.148148146666664,3
43058,10,27.867749926666665,2
43058,11,74.368516619,4
43058,12,78.66983616499999,2
43058,13,60.2,1
43058,15,97.855497985,2
43058,16,0.0,1
43058,17,26.9108862055,2
43058,2,26.593875226374998,2
43058,5,59.98222222333334,3
43058,6,97.98490079,1
43058,7,81.75594972,1
43058,8,97.14235632166667,3
43059,1,100.0,1
43059,10,51.222592520000006,2
43059,11,69.84075278499999,4
43059,12,72.7321582,2
43059,13,0.0,1
43059,15,75.634548065,2
43059,16,0.0,1
43059,17,5.7404227325,2
43059,2,21.080767843125003,2
43059,4,100.0,1
43059,5,74.10555555666667,3
43059,6,100.0,1
43059,7,0.0,1
43059,8,85.79050699999999,3
43060,1,38.61708246833334,4
43060,10,50.66158235888889,3
43060,11,68.048476894,5
43060,12,96.6720288225,2
43060,13,4.6,1
43060,15,59.22722158175,2
43060,16,6.989368921,1
43060,17,28.7325394275,2
43060,2,23.098622733750002,2
43060,4,68.48072185443,5
43060,5,94.68390804666667,3
43060,6,25.97737925,1
43060,7,5.63242132,1
43060,8,93.01948275833333,3
43061,1,50.0,2
43061,10,50.0,2
43061,11,93.95441575375,4
43061,12,41.25,2
43061,13,26.2,1
43061,15,59.561472377499996,2
43061,16,0.0,1
43061,17,50.0,2
43061,2,25.0,2
43061,5,72.44444444333334,3
43061,6,100.0,1
43061,7,81.05860807,1
43061,8,90.48419540166667,3
43062,1,69.81993142,3
43062,10,35.6898565321,2
43062,11,65.10670925875,4
43062,12,84.96485493750001,2
43062,13,72.1,1
43062,15,56.869132837500004,2
43062,16,0.0,1
43062,17,25.0813246375,2
43062,2,45.18297412375,2
43062,4,100.0,1
43062,5,69.09118774,3
43062,6,100.0,1
43062,7,98.69604349,1
43062,8,82.63769393333332,3
43063,1,43.571130483750004,4
43063,10,22.029375428888887,3
43063,11,57.165799649200004,5
43063,12,71.85561693,2
43063,15,50.46653396375,2
43063,16,0.0,1
43063,17,35.13491295,2
43063,2,32.8858066775,2
43063,4,100.0,1
43063,5,99.16666666666667,3
43063,6,91.60001123,1
43063,7,40.60784546,1
43063,8,80.48511494333333,3
43064,1,45.36869807706,5
43064,10,50.389153052833336,3
43064,11,57.392448878,5
43064,12,89.05185929749999,2
43064,13,65.6,1
43064,15,68.131997555,2
43064,16,42.04931011,1
43064,17,29.8918504175,2
43064,2,19.37428100875,2
43064,4,61.071018798909996,5
43064,5,91.49616858,3
43064,6,68.45238094999999,2
43064,7,89.87081082,1
43064,8,77.653948915,3
43065,1,30.18500595375,4
43065,10,33.411009828888886,3
43065,11,65.027550185,5
43065,12,97.55,2
43065,13,78.5,1
43065,15,82.024951475,2
43065,16,0.0,1
43065,17,24.048025154999998,2
43065,2,34.41724948625,2
43065,4,70.13713720799001,5
43065,5,88.66149425333333,3
43065,6,100.0,1
43065,7,96.98731514,1
43065,8,94.09747126500001,3
43066,1,77.47570427,2
43066,10,62.54847213666666,2
43066,11,82.43321790875,4
43066,12,95.0318549375,2
43066,13,56.8,1
43066,15,35.669813405,2
43066,16,0.0,1
43066,17,13.3382962775,2
43066,2,26.1333557525,2
43066,5,63.60632184,3
43066,6,76.99475176,1
43066,7,85.90983783,1
43066,8,94.59764367833334,3
43067,1,64.80979932999999,3
43067,10,39.52713547333334,3
43067,11,64.449887127,5
43067,12,96.6704974275,2
43067,13,91.9,1
43067,15,51.002167890475,2
43067,16,0.0,1
43067,17,29.907835365,2
43067,2,39.21317581625,2
43067,4,61.07223877812,5
43067,5,88.48908046000001,3
43067,6,100.0,1
43067,7,98.5681573,1
43067,8,94.91149425333333,3
43068,1,47.89867582833333,3
43068,10,31.445759086444443,3
43068,11,46.8824753105,4
43068,12,78.40608252999999,2
43068,13,86.0,1
43068,15,67.6172091975,2
43068,16,0.0,1
43068,17,35.275744849999995,2
43068,2,30.80585291375,2
43068,4,53.66299681067001,5
43068,5,87.21850574666666,3
43068,6,100.0,1
43068,7,71.88192968,1
43068,8,93.96729885,3
43069,1,100.0,1
43069,10,36.291259878333335,2
43069,11,54.3251359825,4
43069,12,77.581259515,2
43069,13,75.7,1
43069,15,74.5979989125,2
43069,16,0.0,1
43069,17,36.032851495,2
43069,2,28.6179530875,2
43069,4,100.0,1
43069,5,65.8045977,3
43069,6,100.0,1
43069,7,61.39767537,1
43069,8,98.24666666666667,3
43070,1,72.542748185,2
43070,10,43.66283124166667,2
43070,11,79.006957511,5
43070,12,83.62969648,2
43070,13,88.6,1
43070,15,50.205365102500004,2
43070,16,0.0,1
43070,17,23.06894889,2
43070,2,35.52673379,2
43070,4,100.0,1
43070,5,75.94463601666666,3
43070,6,100.0,1
43070,7,88.20020703,1
43070,8,98.05764367833335,3
43071,1,39.8140887626,5
43071,10,33.19439135333334,3
43071,11,57.034980652499996,6
43071,12,71.046764715,2
43071,13,0.0,1
43071,15,89.45821583,2
43071,16,0.0,1
43071,17,24.1102721675,2
43071,2,27.709986914125,2
43071,4,56.81634079257001,5
43071,5,92.75900383333334,3
43071,6,100.0,1
43071,7,92.36519469,1
43071,8,96.96666666666665,3
43072,1,50.0,2
43072,10,54.904359588333335,2
43072,11,77.2772519375,4
43072,12,69.608870375,2
43072,13,72.4,1
43072,15,98.67482968249999,2
43072,16,0.0,1
43072,17,32.36220976,2
43072,2,28.935321815000002,2
43072,5,88.88888888999999,3
43072,6,96.90999411,1
43072,7,86.15052928,1
43072,8,98.81666666666666,3
43073,1,100.0,1
43073,10,27.18793584333333,2
43073,11,96.17950912666667,3
43073,12,82.8189688425,2
43073,13,42.5,1
43073,15,61.452313975,2
43073,16,0.0,1
43073,17,50.0,2
43073,2,17.4815983175,2
43073,5,69.85111111,3
43073,6,100.0,1
43073,7,84.67368512,1
43073,8,88.58546872666666,3
43074,1,41.2061116042,5
43074,10,62.146217420166664,3
43074,11,23.441544643,5
43074,12,93.410139045,2
43074,13,52.4,1
43074,15,4.130685089,2
43074,16,45.17077584,1
43074,17,28.73102824,2
43074,2,26.345920989,2
43074,4,65.9944155831,5
43074,5,87.83237547666666,3
43074,6,100.0,1
43074,7,73.89649906,1
43074,8,76.13844827666667,3
43075,1,51.851851853333336,3
43075,10,39.724487231666664,2
43075,11,73.21612715625,4
43075,12,5.9973045825,2
43075,13,11.1,1
43075,15,97.66402120000001,2
43075,16,51.73037774,1
43075,17,40.90776229,2
43075,2,25.0,2
43075,5,61.08444444333333,3
43075,6,100.0,1
43075,7,74.74911385,1
43075,8,97.91666666666667,3
43076,1,37.995927263333336,3
43076,10,44.97955022772222,3
43076,11,67.331681656,5
43076,12,96.95,2
43076,13,35.5,1
43076,15,66.3306870375,2
43076,16,0.0,1
43076,17,24.997532175,2
43076,2,35.462881088749995,2
43076,4,49.35047467896,5
43076,5,85.55804597666668,3
43076,6,100.0,1
43076,7,99.23678489,1
43076,8,75.83913793166666,3
43077,1,41.458178466666666,3
43077,10,38.73545399877778,3
43077,11,66.13317558625,4
43077,12,80.9412913375,2
43077,13,0.0,1
43077,15,75.97526494,2
43077,16,0.0,1
43077,17,31.5241418375,2
43077,2,32.3713109575,2
43077,4,58.60975060657999,5
43077,5,100.0,3
43077,6,100.0,1
43077,7,94.04508833,1
43077,8,81.2,3
43078,1,28.3620403646,5
43078,10,29.30065912272222,3
43078,11,44.9047741606,5
43078,12,80.36948809,2
43078,13,82.6,1
43078,15,48.8417697375,2
43078,16,0.0,1
43078,17,31.5547415925,2
43078,2,45.3908552025,2
43078,4,57.1028554622,5
43078,5,86.63831417666665,3
43078,6,93.12115854,1
43078,7,84.33261508,1
43078,8,95.00862069,3
43079,1,51.32475162166667,3
43079,10,43.08393381561111,3
43079,11,56.42506526,5
43079,12,67.15694684,2
43079,13,88.7,1
43079,15,52.472323032375,2
43079,16,2.375028274,1
43079,17,43.44571512,2
43079,2,14.45232324575,2
43079,4,50.65623090486,5
43079,5,60.20114942666667,3
43079,6,92.34093907,1
43079,7,75.42304992,1
43079,8,77.56936781666666,3
43080,1,100.0,1
43080,10,40.536378428333336,2
43080,11,48.170950893333334,3
43080,12,98.4,2
43080,13,94.4,1
43080,15,40.2530681175,2
43080,16,0.0,1
43080,17,26.760627706,2
43080,2,30.668340691250002,2
43080,4,100.0,1
43080,5,86.24770115000001,3
43080,6,100.0,1
43080,7,100.0,1
43080,8,93.33137930999999,3
43081,1,83.63988812166666,3
43081,10,85.83296088888888,3
43081,11,67.720076819,5
43081,12,93.61696888,2
43081,13,95.5,1
43081,15,53.430307975000005,2
43081,16,0.0,1
43081,17,25.0,2
43081,2,32.673015697,2
43081,4,75.03836376289999,5
43081,5,87.68448276,3
43081,6,100.0,1
43081,7,100.0,1
43081,8,83.55573991166666,3
43081,9,90.28892456,1
43082,1,35.78953068,2
43082,10,25.86662285811111,3
43082,11,60.9419048588,5
43082,12,79.6887650075,2
43082,13,94.0,1
43082,15,62.4223793455,2
43082,16,0.0,1
43082,17,26.098394198,2
43082,2,35.1994888125,2
43082,4,100.0,1
43082,5,89.24685823666668,3
43082,6,100.0,1
43082,7,99.652415,1
43082,8,95.37557471333334,3
43083,1,74.478889025,2
43083,10,34.180768825,2
43083,11,66.68740852,4
43083,12,84.305317325,2
43083,13,0.0,1
43083,15,33.390903855,2
43083,16,0.0,1
43083,17,27.340652916499998,2
43083,2,33.50747843375,2
43083,5,78.91555555666666,3
43083,6,100.0,1
43083,7,0.0,1
43083,8,96.063850575,3
43084,1,47.508962218,5
43084,10,50.56083419666666,3
43084,11,63.652781313000006,5
43084,12,86.98212244,2
43084,13,66.6,1
43084,15,74.73242324750001,2
43084,16,0.0,1
43084,17,14.36759267,2
43084,2,30.05447312125,2
43084,4,52.74297235307999,5
43084,5,89.50919540333332,3
43084,6,100.0,1
43084,7,79.55015431,1
43084,8,97.48666666666668,3
43085,1,64.56933163666666,3
43085,10,37.73249721,2
43085,11,73.4819049706,5
43085,12,96.0610144575,2
43085,15,82.6580358475,2
43085,17,29.5589068125,2
43085,2,30.36431536875,2
43085,4,100.0,1
43085,5,97.85919540333333,3
43085,6,100.0,1
43085,7,91.45358335,1
43085,8,96.95,3
43085,9,100.0,1
43086,1,79.2447008725,4
43086,10,71.38604213111111,3
43086,11,45.300205832799996,5
43086,12,86.40956561499999,2
43086,13,0.0,1
43086,15,71.925632495,2
43086,16,60.21262158,1
43086,17,35.0630270275,2
43086,2,10.748677564125,2
43086,4,53.71488961794,5
43086,5,84.00249042,3
43086,6,46.897364655,2
43086,7,0.0,1
43086,8,94.446933905,3
43088,1,59.81754753733334,5
43088,10,64.66555141333333,3
43088,11,36.7683140978,5
43088,12,70.22874111499999,2
43088,13,34.0,1
43088,15,27.99366724,2
43088,16,16.28590817,1
43088,17,25.114984632375002,2
43088,2,33.40180713875,2
43088,4,57.25506994697,5
43088,5,95.56034482666666,3
43088,6,97.44323763,1
43088,7,85.45970258,1
43088,8,82.71125715166666,3
43089,1,41.19828552,3
43089,10,59.84767207333333,2
43089,11,54.50974600375,4
43089,12,56.390233252499996,2
43089,13,12.5,1
43089,15,57.032818070000005,2
43089,16,0.0,1
43089,17,27.379958707500002,2
43089,2,24.792222773749998,2
43089,5,96.39367816,3
43089,6,100.0,1
43089,7,97.73122667,1
43089,8,94.46063218333335,3
43090,1,38.874183181250004,4
43090,10,33.61777603033333,3
43090,11,54.971949673999994,5
43090,12,50.8631830425,2
43090,13,23.6,1
43090,15,85.7492200625,2
43090,16,38.92784438,1
43090,17,17.035513495,2
43090,2,13.375083237375001,2
43090,4,100.0,1
43090,5,87.45689655333332,3
43090,6,100.0,1
43090,7,80.24387654,1
43090,8,83.91413793,3
43091,1,66.66666667,1
43091,10,36.05060554666667,2
43091,11,80.49213705375001,4
43091,12,63.0333629175,2
43091,13,0.0,1
43091,15,97.7540025275,2
43091,16,0.0,1
43091,17,42.420851677499996,2
43091,2,18.60210013495,2
43091,4,100.0,1
43091,5,57.95555555666667,3
43091,6,100.0,1
43091,7,0.0,1
43091,8,79.74666666666667,3
43091,9,100.0,1
43092,1,37.803774237333336,5
43092,10,27.813006942777776,3
43092,11,31.344120121000003,5
43092,12,31.163330065,2
43092,13,31.2,1
43092,14,50.08,1
43092,15,25.107562457500002,2
43092,16,60.66500792,1
43092,17,25.88841726,2
43092,2,29.333851549625003,2
43092,3,73.68096099766667,6
43092,4,62.74512149917,5
43092,5,94.66954023,3
43092,6,28.332070385,2
43092,7,74.70761116,1
43092,8,72.22246671166667,3
43092,9,5.939004815,1
43093,1,30.715690574666667,5
43093,10,36.636866159777774,3
43093,11,57.635535442800006,5
43093,12,61.209540242500005,2
43093,13,78.4,1
43093,15,67.7594638275,2
43093,16,33.11467994,1
43093,17,21.2274856,2
43093,2,19.880759053749998,2
43093,4,55.46290660615999,5
43093,5,93.56321838999999,3
43093,6,52.16575053,2
43093,7,86.5292413,1
43093,8,68.05558049,3
43094,1,34.46816676504,5
43094,10,31.944171800555555,3
43094,11,44.14467258,5
43094,12,98.2,2
43094,13,57.1,1
43094,15,35.333918025025,2
43094,16,23.09432255,1
43094,17,21.8732981275,2
43094,2,24.5454496175,2
43094,4,64.29986210114001,5
43094,5,87.08524904000001,3
43094,6,82.0830176,1
43094,7,96.05989899,1
43094,8,75.62988505666667,3
43095,1,67.44924389083333,4
43095,10,78.20448944055555,3
43095,11,21.984502267399996,5
43095,12,67.003141175,2
43095,13,98.2,1
43095,15,0.913910981,2
43095,16,64.17100204,1
43095,17,35.7183840675,2
43095,2,17.4166171035,2
43095,4,82.0,1
43095,5,80.59157087999999,3
43095,6,0.0,1
43095,7,99.1295294,1
43095,8,90.56104372333334,3
43096,1,78.223370375,2
43096,10,62.903641523333334,2
43096,11,78.51233361375,4
43096,12,47.4631668125,2
43096,13,0.0,1
43096,15,98.85543667499999,2
43096,16,0.0,1
43096,17,38.8726502125,2
43096,2,21.4562225265,2
43096,5,91.02222222333334,3
43096,6,24.64427044,1
43096,7,35.0133074,1
43096,8,83.54238088166666,3
43097,1,31.854340562500003,4
43097,10,24.838004120000004,3
43097,11,64.350055381,5
43097,12,79.759088565,2
43097,13,94.1,1
43097,15,45.918360705,2
43097,16,0.0,1
43097,17,29.3625203225,2
43097,2,24.71463589275,2
43097,4,100.0,1
43097,5,93.31896551666667,3
43097,6,100.0,1
43097,7,100.0,1
43097,8,77.33275862,3
43098,1,49.37288920375,4
43098,10,71.31374646833332,3
43098,11,49.263575332,5
43098,12,76.305277465,2
43098,13,92.1,1
43098,15,43.264248705,2
43098,16,0.0,1
43098,17,26.19156360175,2
43098,2,20.1310156605,2
43098,4,70.43143384712,5
43098,5,86.01781609333334,3
43098,6,100.0,1
43098,7,100.0,1
43098,8,95.72936781666665,3
43099,1,22.309700523333333,3
43099,10,29.510849801666666,2
43099,11,71.65085707875,4
43099,12,92.8536768375,2
43099,13,0.0,1
43099,15,63.6640650275,2
43099,16,0.0,1
43099,17,30.1357350325,2
43099,2,27.408020751875,2
43099,4,100.0,1
43099,5,87.00919540333332,3
43099,6,100.0,1
43099,7,79.00398378,1
43099,8,91.54553286999999,3
43100,1,74.3571238456,5
43100,10,88.11019632666667,3
43100,11,34.429815126200005,5
43100,12,78.74303402250001,2
43100,13,99.2,1
43100,15,10.646016465,2
43100,16,20.58357838,1
43100,17,27.060685332,2
43100,2,9.88054588775,2
43100,4,84.8,1
43100,5,72.77605364,3
43100,6,100.0,1
43100,7,100.0,1
43100,8,93.02242100833332,3
43101,1,59.73674498666666,3
43101,10,38.24384007333333,2
43101,11,78.61819775875,4
43101,12,69.0,2
43101,13,0.0,1
43101,15,61.53984802625,2
43101,16,0.0,1
43101,17,50.0,2
43101,2,25.0,2
43101,5,60.67283524666667,3
43101,6,100.0,1
43101,7,80.29925368,1
43101,8,92.98643678166667,3
43102,1,62.28086922166667,3
43102,10,60.195548928333324,3
43102,11,55.829740029,4
43102,12,80.57807131,2
43102,13,0.0,1
43102,15,90.6526556075,2
43102,16,0.0,1
43102,17,0.601840998,2
43102,2,42.13642503625,2
43102,4,59.80289625870999,5
43102,5,88.33103448333334,3
43102,6,91.95082933,1
43102,7,100.0,1
43102,8,98.37,3
43103,1,81.358454185,2
43103,10,85.39851034277778,3
43103,11,34.520993897,5
43103,12,62.098306545,2
43103,13,0.0,1
43103,15,11.950456335,2
43103,16,82.15335897,1
43103,17,50.0,2
43103,2,10.6165181,2
43103,4,65.1755415557,5
43103,5,81.44222222,3
43103,6,100.0,1
43103,7,56.22757467,1
43103,8,97.51333333333332,3
43104,1,52.45276957797999,5
43104,10,24.91220866827778,3
43104,11,46.284660868,5
43104,12,50.136638525,2
43104,13,0.0,1
43104,14,37.5,1
43104,15,69.545205585,2
43104,16,22.73241348,1
43104,17,38.904163392499996,2
43104,2,45.05497349,2
43104,4,100.0,1
43104,5,94.57088122333334,3
43104,6,96.43849457,1
43104,7,86.74423487,1
43104,8,97.05252873500001,3
43104,9,27.60834671,1
43105,1,100.0,1
43105,10,40.38819153833333,2
43105,11,71.66454754333334,3
43105,12,77.0865573925,2
43105,15,54.725554397500005,2
43105,16,0.0,1
43105,17,7.026521229,2
43105,2,25.2183056407125,2
43105,5,66.66666666666667,3
43105,6,100.0,1
43105,7,94.46156296,1
43105,8,98.42333333333333,3
43106,1,66.01885959,4
43106,10,54.26966478166668,3
43106,11,58.254345586424996,4
43106,12,86.11255947250001,2
43106,13,84.7,1
43106,15,81.423637385,2
43106,16,0.0,1
43106,17,25.0,2
43106,2,29.87474281125,2
43106,4,94.3,1
43106,5,96.67555555666667,3
43106,6,100.0,1
43106,7,99.61272202,1
43106,8,96.75160919666666,3
43107,1,76.67245583,3
43107,10,71.25844161777779,3
43107,11,70.03142023000001,4
43107,12,90.19346803,2
43107,13,7.5,1
43107,15,28.2949907355,2
43107,16,0.0,1
43107,17,29.778128940000002,2
43107,2,22.363415045,2
43107,4,100.0,1
43107,5,98.34770114999999,3
43107,6,100.0,1
43107,7,67.9839346,1
43107,8,97.02603448333332,3
43108,1,49.3626817755,4
43108,10,50.143621369444446,3
43108,11,39.991340554,5
43108,12,83.84709018250001,2
43108,13,24.7,1
43108,15,45.455192007,2
43108,16,23.0264646,1
43108,17,29.0393816625,2
43108,2,18.38595575875,2
43108,4,83.1,1
43108,5,78.49386973,3
43108,6,63.96396396,1
43108,7,0.0,1
43108,8,93.29735632166667,3
43108,9,33.62760835,1
43109,1,60.547372738666674,5
43109,10,81.32411883888888,3
43109,11,24.888052725399998,5
43109,12,74.40541398025,2
43109,13,0.0,1
43109,15,0.39067950325,2
43109,16,100.0,1
43109,17,50.0,2
43109,2,23.285439080125002,2
43109,4,0.0,1
43109,5,78.27835249,3
43109,6,0.0,1
43109,7,90.27461749,1
43109,8,92.72906712499999,3
43110,1,39.643389235,2
43110,10,26.565396025,2
43110,11,75.85888904375,4
43110,12,88.8988605725,2
43110,13,0.0,1
43110,15,75.6382963225,2
43110,16,0.0,1
43110,17,24.9368662889825,2
43110,2,25.0,2
43110,4,100.0,1
43110,5,75.68601532666666,3
43110,6,100.0,1
43110,7,0.0,1
43110,8,96.99000000000001,3
43111,1,53.784591808573325,5
43111,10,59.706174617777776,3
43111,11,26.065723941199998,5
43111,12,59.963224965,2
43111,13,97.8,1
43111,15,30.7767164925,2
43111,16,45.87197467,1
43111,17,28.08463801,2
43111,2,18.879742485500003,2
43111,4,82.5,1
43111,5,86.29501915666667,3
43111,6,91.53826724,1
43111,7,96.24328296,1
43111,8,90.14655172333333,3
43112,1,66.66666667,1
43112,10,34.53971648,2
43112,11,67.28011592375,4
43112,12,82.8755942175,2
43112,13,7.6,1
43112,15,75.1503948325,2
43112,16,0.0,1
43112,17,29.862620800000002,2
43112,2,32.60287877625,2
43112,4,100.0,1
43112,5,76.18888889,3
43112,6,100.0,1
43112,7,100.0,1
43112,8,81.04,3
43113,1,49.45680478,4
43113,10,42.89941325388889,3
43113,11,73.047287657,5
43113,12,98.88168578,2
43113,13,81.4,1
43113,15,86.6051822425,2
43113,16,31.14679937,1
43113,17,22.087360555,2
43113,2,18.048722134125,2
43113,4,100.0,1
43113,5,92.26961685666667,3
43113,6,100.0,1
43113,7,18.86417763,1
43113,8,90.567931035,3
43113,9,100.0,1
43114,1,50.0,2
43114,10,58.99908870499999,2
43114,11,66.732051925,5
43114,12,72.4824524,2
43114,13,77.0,1
43114,15,83.21603546,2
43114,16,0.0,1
43114,17,25.0,2
43114,2,25.01910098125,2
43114,4,100.0,1
43114,5,76.18888889,3
43114,6,100.0,1
43114,7,95.2595245,1
43114,8,98.05,3
43115,1,82.12572272,2
43115,10,41.86134356,2
43115,11,56.62097937075,4
43115,12,90.1869517275,2
43115,13,42.4,1
43115,15,77.3064362075,2
43115,16,0.0,1
43115,17,39.54630154,2
43115,2,39.481150445,2
43115,5,99.05172413666666,3
43115,6,100.0,1
43115,7,78.93605932,1
43115,8,98.45666666666666,3
43116,1,67.85004063833333,3
43116,10,66.16014196166667,3
43116,11,78.980380743,5
43116,12,48.12596177499999,2
43116,13,0.0,1
43116,15,95.87024421999999,2
43116,16,51.21013345,1
43116,17,42.382130475,2
43116,2,10.014870915625,2
43116,4,58.287149512102,5
43116,5,92.06666666666666,3
43116,6,93.96031546,1
43116,7,71.86624553,1
43116,8,97.91333333333334,3
43117,1,88.88888889,1
43117,10,34.2303532,2
43117,11,79.71536353125,4
43117,12,65.609433955,2
43117,13,69.7,1
43117,15,96.05934312,2
43117,16,0.0,1
43117,17,7.905625580000001,2
43117,2,23.7577775,2
43117,4,100.0,1
43117,5,82.82666666666667,3
43117,6,100.0,1
43117,7,99.06389725,1
43117,8,97.13333333333333,3
43118,1,40.328369565,4
43118,10,27.018625666783336,3
43118,11,86.718585497,5
43118,12,58.85,2
43118,13,0.0,1
43118,15,84.10048849500001,2
43118,16,0.0,1
43118,17,34.4503005175,2
43118,2,35.061680646250004,2
43118,4,60.299727004240005,5
43118,5,67.58256705000001,3
43118,6,88.59139513,1
43118,7,91.2806957,1
43118,8,84.12176718,3
43118,9,100.0,1
43119,1,48.72181057,5
43119,10,87.0213143177778,3
43119,11,58.414151952500006,4
43119,12,70.0700174875,2
43119,13,0.0,1
43119,15,25.086355785,2
43119,16,44.08504863,1
43119,17,40.1308938775,2
43119,2,7.6115459337499995,2
43119,4,61.76477979,5
43119,5,95.70402299,3
43119,6,0.0,1
43119,7,0.9363440476,1
43119,8,82.85614221,3
43120,1,25.503382411666667,3
43120,10,29.58912953111111,3
43120,11,62.121640881999994,5
43120,12,50.25131060375,2
43120,13,39.6,1
43120,15,84.160979445,2
43120,16,0.0,1
43120,17,32.4316301,2
43120,2,25.0,2
43120,4,38.21867512375,4
43120,5,63.08544061333333,3
43120,6,67.85944823,1
43120,7,95.92368814,1
43120,8,80.0854023,3
43121,1,40.458358457,5
43121,10,27.72330807277778,3
43121,11,54.3090600075,4
43121,12,79.087907375,2
43121,13,0.0,1
43121,15,75.7253042425,2
43121,16,0.0,1
43121,17,15.5206116585,2
43121,2,35.22092952625,2
43121,4,62.957271329419996,5
43121,5,87.16724138000001,3
43121,6,100.0,1
43121,7,95.5505259,1
43121,8,81.80703605333333,3
43122,1,100.0,1
43122,10,65.54887937833333,2
43122,11,85.68162631999999,4
43122,12,61.577687995000005,2
43122,13,64.3,1
43122,15,72.60701694,2
43122,16,0.0,1
43122,17,33.5250004575,2
43122,2,21.551647013375,2
43122,5,88.88888888999999,3
43122,6,100.0,1
43122,7,88.69715345,1
43122,8,96.92333333333333,3
43123,1,37.22902264333334,5
43123,10,45.572394800000005,3
43123,11,22.926361878333335,6
43123,12,72.7339097175,2
43123,13,69.9,1
43123,15,0.0,2
43123,16,36.289152914999995,3
43123,17,17.0480330215,2
43123,2,25.234715225,2
43123,3,57.330906279222226,6
43123,4,46.68345681490833,6
43123,5,93.43390804666667,3
43123,6,50.0,2
43123,7,83.20118427,1
43123,8,78.43251322666667,3
43123,9,4.414125201,1
43124,1,51.9968898825,4
43124,10,34.674738840555555,3
43124,11,67.754128644,5
43124,12,99.4670423925,2
43124,13,0.0,1
43124,15,83.21763004499999,2
43124,16,58.65188871,1
43124,17,43.340671185000005,2
43124,2,9.975505245125001,2
43124,4,100.0,1
43124,5,91.47988505666666,3
43124,6,0.0,1
43124,7,0.0,1
43124,8,82.46056749666667,3
43125,1,55.0488278815,4
43125,10,53.36670083833334,3
43125,11,74.854774373,5
43125,12,85.304592355,2
43125,13,83.2,1
43125,15,75.448418745,2
43125,16,0.0,1
43125,17,37.20837117,2
43125,2,25.274323760125,2
43125,4,44.54722370099999,5
43125,5,79.20766283333333,3
43125,6,100.0,1
43125,7,92.7966296,1
43125,8,94.56448275999999,3
43126,1,77.96751777125,4
43126,10,71.97984337277778,3
43126,11,46.109506835000005,5
43126,12,57.808752448999996,2
43126,13,97.8,1
43126,15,40.5789920525,2
43126,16,12.03347659,1
43126,17,21.5138693075,2
43126,2,18.982399916875,2
43126,4,100.0,1
43126,5,99.1954023,3
43126,6,100.0,1
43126,7,58.69252059,1
43126,8,97.35333333333334,3
43127,1,60.454496255,3
43127,10,58.41452769944445,3
43127,11,35.715327197520004,5
43127,12,85.2590378575,2
43127,13,78.6,1
43127,15,53.7630313875,2
43127,16,10.35964714,1
43127,17,24.9408732225,2
43127,2,40.75764491125,2
43127,4,60.9371346463,5
43127,5,88.80785440666666,3
43127,6,100.0,1
43127,7,94.30882342,1
43127,8,95.39074712666667,3
43127,9,71.91011236,1
43128,1,58.93469812375,4
43128,10,77.91526803388889,3
43128,11,48.96354359280001,5
43128,12,95.05,2
43128,13,83.2,1
43128,15,63.0412840175,2
43128,16,0.0,1
43128,17,25.6254962645,2
43128,2,28.79970086,2
43128,4,61.69529422022,5
43128,5,87.25613027000001,3
43128,6,100.0,1
43128,7,93.57975151,1
43128,8,78.32132183833333,3
43129,1,54.423634772,5
43129,10,57.44618121222223,3
43129,11,41.201514437,5
43129,12,78.8573592425,2
43129,13,89.4,1
43129,15,37.938975245,2
43129,16,23.4336123,1
43129,17,13.924176415000002,2
43129,2,36.5080764875,2
43129,4,65.95057015184,5
43129,5,97.44252873666666,3
43129,6,83.33333333499999,2
43129,7,79.63352162,1
43129,8,75.86821829166668,3
43129,9,12.27929374,1
43130,1,100.0,1
43130,10,38.38041695333333,2
43130,11,63.373102693,5
43130,12,78.43787678999999,2
43130,13,42.6,1
43130,15,55.276571062500004,2
43130,16,0.0,1
43130,17,29.898244395,2
43130,2,25.313650050125,2
43130,4,100.0,1
43130,5,87.13379310333333,3
43130,6,100.0,1
43130,7,89.48413608,1
43130,8,84.51180009166667,3
43131,1,65.98045634166667,4
43131,10,46.62135991588889,3
43131,11,19.8092399848,5
43131,12,42.862153885000005,2
43131,13,53.2,1
43131,14,50.04,1
43131,15,19.3802270425,2
43131,16,85.6819724,1
43131,17,40.1475142825,2
43131,2,15.987436831625,2
43131,4,66.96176641396,5
43131,5,82.62318007666666,3
43131,6,47.71036056,2
43131,7,50.95528568,1
43131,8,79.37029612166667,3
43131,9,10.59390048,1
43132,1,47.54101527,3
43132,10,35.348298319111116,3
43132,11,53.16975651,5
43132,12,53.3437573375,2
43132,13,0.0,1
43132,15,42.9124997925,2
43132,16,12.7120561,1
43132,17,18.4068099375,2
43132,2,21.003502367499998,2
43132,4,56.29146658039999,5
43132,5,92.97413793,3
43132,6,97.49094889,1
43132,7,0.0,1
43132,8,90.087868865,3
43133,1,46.832902787799995,5
43133,10,44.503009201666664,3
43133,11,52.509037059,5
43133,12,76.84684763,2
43133,13,0.0,1
43133,15,72.0937315325,2
43133,16,40.53381588,1
43133,17,79.3274055925,2
43133,2,39.234642647499996,2
43133,4,60.053445294300005,5
43133,5,96.60919540333333,3
43133,6,67.87603691999999,2
43133,7,72.8627926,1
43133,8,80.69910886666668,3
43134,1,50.0,2
43134,10,75.75109821333334,2
43134,11,65.38409142100001,5
43134,12,78.88513208,2
43134,13,96.2,1
43134,15,36.1142860425,2
43134,16,0.0,1
43134,17,24.9953728275,2
43134,2,22.424563986625,2
43134,5,96.32183908,3
43134,6,100.0,1
43134,7,40.612792,1
43134,8,82.31611948666666,3
43135,1,48.406446935,3
43135,10,34.12057123833333,3
43135,11,71.85498865125,4
43135,12,71.5988315675,2
43135,13,78.4,1
43135,15,71.3091444825,2
43135,16,13.36801629,1
43135,17,34.07899304,2
43135,2,22.393717782,2
43135,4,48.58449288779,5
43135,5,73.48666666666666,3
43135,6,98.57427521,1
43135,7,87.27182571,1
43135,8,80.72,3
43136,1,62.443187673333334,4
43136,10,33.83710988611111,3
43136,11,49.281768809000006,5
43136,12,64.196560005,2
43136,14,60.51,1
43136,15,79.2147706875,2
43136,17,33.2758549075,2
43136,2,28.118610905625,2
43136,3,47.13601565966667,6
43136,4,70.8,1
43136,5,91.35977011333334,3
43136,6,78.57142857,2
43136,7,89.22510623,1
43136,8,70.90751069166667,3
43137,1,61.324319957933334,5
43137,10,74.66881544722223,3
43137,11,43.618266012999996,5
43137,12,90.41709328499999,2
43137,13,52.9,1
43137,15,56.584692705,2
43137,16,27.93485637,1
43137,17,33.058244852499996,2
43137,2,14.546423611375,2
43137,4,54.085095593000005,5
43137,5,95.24425287333334,3
43137,6,100.0,1
43137,7,93.97414769,1
43137,8,94.70488505666667,3
43138,1,35.16210678583334,4
43138,10,39.76047719111111,3
43138,11,43.465014826,5
43138,12,74.4117294725,2
43138,13,13.7,1
43138,15,43.52331606,2
43138,16,14.7251753,1
43138,17,26.975282210000003,2
43138,2,34.74031699375,2
43138,4,52.81697623917,5
43138,5,95.25862069,3
43138,6,100.0,1
43138,7,66.47560149,1
43138,8,94.73051724166667,3
43138,9,20.9470305,1
43139,1,54.88314984453333,5
43139,10,53.80509996055556,3
43139,11,55.0382079082,5
43139,12,85.2142596175,2
43139,13,48.5,1
43139,15,43.7855399125,2
43139,16,50.30536078,1
43139,17,22.231997879999998,2
43139,2,24.17192429,2
43139,4,69.370083517,5
43139,5,92.12835249,3
43139,6,100.0,1
43139,7,88.66807744,1
43139,8,80.62614942500001,3
43140,1,49.25730759875,4
43140,10,47.361390657777775,3
43140,11,35.654343683,5
43140,12,95.9439257075,2
43140,13,70.3,1
43140,15,0.146504813725,2
43140,16,40.85048632,1
43140,17,34.9718664925,2
43140,2,13.486601884125,2
43140,4,60.30885695276,5
43140,5,83.86685823666666,3
43140,6,32.75799164,1
43140,7,2.773923765,1
43140,8,86.07214653999999,3
43141,1,38.88888889,2
43141,10,34.073663618333335,2
43141,11,78.03516901833333,3
43141,12,65.58367969,2
43141,13,0.0,1
43141,15,87.17637869250001,2
43141,16,0.0,1
43141,17,10.7135680225,2
43141,2,25.0,2
43141,5,78.23655172333333,3
43141,6,29.37049199,1
43141,7,56.90887023,1
43141,8,87.25999999999999,3
43142,1,58.311419708749995,4
43142,10,52.85991209611111,3
43142,11,61.95660279900001,5
43142,12,89.6800213125,2
43142,13,0.0,1
43142,15,65.790445225,2
43142,16,35.24089572,1
43142,17,29.036919412499998,2
43142,2,19.20785872125,2
43142,4,59.38627407557,5
43142,5,91.26475096,3
43142,6,73.6437372,1
43142,7,100.0,1
43142,8,96.27091954000001,3
43143,1,100.0,1
43143,10,93.56158484,2
43143,11,67.91236794833334,3
43143,12,57.75,2
43143,13,29.9,1
43143,15,77.2090110875,2
43143,16,0.0,1
43143,17,50.0,2
43143,2,25.0,2
43143,5,64.90452107333333,3
43143,6,56.12247762,1
43143,7,32.79424078,1
43143,8,96.11672413833332,3
43144,1,80.93118812,3
43144,10,74.63826437833333,3
43144,11,45.447874059200004,5
43144,12,73.3724859425,2
43144,13,84.4,1
43144,15,36.64784901925,2
43144,16,14.47636281,1
43144,17,32.12719392,2
43144,2,20.8172450175,2
43144,4,99.4,1
43144,5,91.32222222333333,3
43144,6,100.0,1
43144,7,90.22744438,1
43144,8,85.98894825166667,3
43145,1,76.5225831825,4
43145,10,75.03078311111112,3
43145,11,37.82269924254,5
43145,12,88.6580446625,2
43145,13,68.7,1
43145,15,42.3027534652,2
43145,16,38.83736711,1
43145,17,29.859648220000004,2
43145,2,28.646903424999998,2
43145,4,62.4,1
43145,5,94.48659004000001,3
43145,6,23.574976845,2
43145,7,0.0,1
43145,8,94.770075385,3
43146,10,68.56158484,2
43146,11,93.25936295499999,3
43146,12,69.99000812,2
43146,13,0.0,1
43146,15,69.2952767825,2
43146,16,0.0,1
43146,17,25.8650139755,2
43146,2,12.713282034125,2
43146,5,82.02666666666666,3
43146,6,100.0,1
43146,7,95.86867295,1
43146,8,95.60850574666667,3
43147,1,65.082114155,3
43147,10,62.43272389333333,3
43147,11,61.615399124999996,5
43147,12,87.2124416,2
43147,13,0.0,1
43147,15,49.244365786,2
43147,16,0.0,1
43147,17,31.19576536,2
43147,2,30.37285336125,2
43147,4,57.75069131598,5
43147,5,99.49712643666668,3
43147,6,100.0,1
43147,7,100.0,1
43147,8,81.06666666666666,3
43148,1,42.381921174666665,5
43148,10,46.28154173222222,3
43148,11,23.30335433,6
43148,12,66.2396791125,2
43148,13,61.7,1
43148,14,56.04666666666666,1
43148,15,8.463713748,2
43148,16,37.48121819166667,3
43148,17,29.75797972,2
43148,2,17.363322149875,2
43148,3,65.2911224478889,6
43148,4,46.8299177,6
43148,5,93.56226053666667,3
43148,6,60.11904762,2
43148,7,81.20784883,1
43148,8,78.970006,3
43148,9,5.136436597,1
43149,1,61.6139896025,4
43149,10,43.560702194444445,3
43149,11,57.445757277,5
43149,12,73.769115325,2
43149,13,0.0,1
43149,15,96.0671668975,2
43149,16,0.0,1
43149,17,24.062088517,2
43149,2,47.7464628025,2
43149,4,51.72209929684,5
43149,5,89.92586207,3
43149,6,100.0,1
43149,7,98.14926972,1
43149,8,95.21028735666665,3
43150,1,50.589940779,5
43150,10,53.86693028944444,3
43150,11,57.8866201512,5
43150,12,66.11256589,2
43150,13,0.0,1
43150,15,89.26884266,2
43150,16,17.05496494,1
43150,17,2.658525,2
43150,2,31.52210295375,2
43150,4,61.62710508223999,5
43150,5,96.98275861999998,3
43150,6,89.89924504,1
43150,7,93.56575642,1
43150,8,95.40591670333333,3
43151,1,100.0,2
43151,10,44.915155741666666,2
43151,11,93.4605852475,4
43151,12,81.629036215,2
43151,13,50.0,1
43151,15,84.06818655000001,2
43151,16,0.0,1
43151,17,33.116242532499996,2
43151,2,37.5,2
43151,5,61.13777777666667,3
43151,6,100.0,1
43151,7,100.0,1
43151,8,96.77666666666666,3
43152,1,23.10618454075,4
43152,10,20.898108488888887,3
43152,11,66.7048161422,5
43152,12,96.85,2
43152,13,62.9,1
43152,15,68.5424807185,2
43152,16,0.0,1
43152,17,27.87820384,2
43152,2,28.846926345,2
43152,4,100.0,1
43152,5,69.62279693666666,3
43152,6,100.0,1
43152,7,82.95289204,1
43152,8,95.68241379333334,3
43153,1,61.4826652725,4
43153,10,41.19443424666667,3
43153,11,20.949030669000003,5
43153,12,50.538293107499996,2
43153,13,84.0,1
43153,14,66.21666666666667,1
43153,15,2.507254331,2
43153,16,47.43270753,1
43153,17,27.051650355,2
43153,2,11.08574013375,2
43153,3,65.12873700833333,6
43153,4,69.5891412183,5
43153,5,76.93141762666667,3
43153,6,66.86477866,2
43153,7,93.0055908,1
43153,8,75.11223467,3
43153,9,4.735152488,1
43154,1,44.44444444,1
43154,10,33.231501396,2
43154,11,76.79849436,4
43154,12,43.317030345,2
43154,13,61.6,1
43154,15,84.300960215,2
43154,16,0.0,1
43154,17,37.190120390000004,2
43154,2,34.73333090875,2
43154,5,84.09003831666666,3
43154,6,100.0,1
43154,7,92.97941032,1
43154,8,96.86333333333334,3
43155,1,31.522450635333332,5
43155,10,33.461117119,3
43155,11,48.699546079,5
43155,12,72.37803492,2
43155,13,0.0,1
43155,15,56.074146555,2
43155,16,33.767651953333335,3
43155,17,28.236294405,2
43155,2,33.27359509625,2
43155,3,53.73867657011112,6
43155,4,51.16118705255,6
43155,5,81.79214559333333,3
43155,6,51.02689472,2
43155,7,74.72703538,1
43155,8,81.64717833333334,3
43155,9,2.407704655,1
43156,1,37.83706462233334,4
43156,10,29.23969576111111,3
43156,11,49.1873475872,5
43156,12,79.33194048499999,2
43156,13,50.0,1
43156,15,65.1715457625,2
43156,16,36.39448089,1
43156,17,29.9614351275,2
43156,2,30.63259428625,2
43156,4,44.42564629978,5
43156,5,94.49712643666668,3
43156,6,53.814946455,2
43156,7,53.10835821,1
43156,8,84.24442549333334,3
43156,9,12.68057785,1
43157,1,76.44529388666666,3
43157,10,30.281338266666666,2
43157,11,60.8177141356,5
43157,12,75.42313567,2
43157,13,0.0,1
43157,15,92.98475024749999,2
43157,16,0.0,1
43157,17,25.6762405625,2
43157,2,23.097696661,2
43157,4,100.0,1
43157,5,87.87111111,3
43157,6,100.0,1
43157,7,100.0,1
43157,8,97.3,3
43158,1,55.55555556,1
43158,10,40.490181238333335,2
43158,11,74.06168803,3
43158,12,59.974605577,2
43158,13,0.0,1
43158,15,82.84821012500001,2
43158,16,0.0,1
43158,17,19.411205905,2
43158,2,29.869017720000002,2
43158,5,71.56398467333334,3
43158,6,83.07653448,1
43158,7,82.93660465,1
43158,8,98.31333333333333,3
43159,1,100.0,1
43159,10,50.0,2
43159,11,76.60802277,4
43159,12,75.0,2
43159,13,1.6,1
43159,15,72.22996685999999,2
43159,16,0.0,1
43159,17,42.208936955,2
43159,2,25.0,2
43159,5,81.47777777666667,3
43159,6,36.51876175,1
43159,7,25.3463182,1
43159,8,91.01697915166666,3
43160,1,57.839274143,5
43160,10,64.32378059388888,3
43160,11,40.5611262232,5
43160,12,69.841005755,2
43160,13,97.1,1
43160,15,31.2207915125,2
43160,16,24.6324361,1
43160,17,45.093534774999995,2
43160,2,15.749740430125,2
43160,4,64.47681066356,5
43160,5,76.21915708666667,3
43160,6,8.279307345,1
43160,7,0.0,1
43160,8,94.42333333333333,3
43160,9,46.14767255,1
43161,1,49.285848813533335,5
43161,10,57.40944177833333,3
43161,11,38.511986062,5
43161,12,73.896312945,2
43161,13,75.6,1
43161,15,27.3329227163,2
43161,16,32.10334081166667,3
43161,17,73.6283637125,2
43161,2,17.7014919285,2
43161,3,50.812925824222226,6
43161,4,52.35827236844167,6
43161,5,91.73773946333334,3
43161,6,50.0,2
43161,7,59.50182298,1
43161,8,78.84119148833334,3
43161,9,3.290529695,1
43162,1,63.49838244866667,5
43162,10,55.27864340611111,3
43162,11,58.651559192166665,6
43162,12,58.6434799,2
43162,13,0.0,1
43162,14,75.58999999999999,1
43162,15,86.35156008249999,2
43162,16,65.8674508,1
43162,17,49.449366385000005,2
43162,2,10.743979045,2
43162,4,68.55824061808,5
43162,5,97.65804597666666,3
43162,6,83.686657285,2
43162,7,42.06804028,1
43162,8,91.79040404,3
43162,9,11.31621188,1
43163,1,49.5817700875,4
43163,10,42.75819482111111,3
43163,11,22.3367022243,5
43163,12,49.62443546925,2
43163,13,69.0,1
43163,14,45.10999999999999,1
43163,15,14.1682821425,2
43163,16,37.312294615,3
43163,17,23.6983153325,2
43163,2,10.8888024095,2
43163,3,46.61406245622222,6
43163,4,44.147392175,2
43163,5,82.21034482666666,3
43163,6,48.760910445,2
43163,7,92.67948102,1
43163,8,76.64251433166667,3
43163,9,2.006420546,1
43164,1,66.453521825,2
43164,10,37.71298710855556,3
43164,11,59.11819529899999,5
43164,12,49.0298578775,2
43164,13,77.0,1
43164,15,64.2527190525,2
43164,16,0.0,1
43164,17,34.4306618675,2
43164,2,9.17343271075,2
43164,5,73.13214559666666,3
43164,6,77.19682299,1
43164,7,91.88164013,1
43164,8,94.37218390666668,3
43165,1,69.943498885,3
43165,10,55.51362064777777,3
43165,11,62.721946414,5
43165,12,80.914203555,2
43165,13,80.6,1
43165,15,53.27192966,2
43165,16,8.595340421,1
43165,17,29.4753487125,2
43165,2,27.4489552525,2
43165,4,65.1422972735,5
43165,5,97.87356322,3
43165,6,99.52288737,1
43165,7,68.22414346,1
43165,8,96.03597701000001,3
43166,1,47.444247287799996,5
43166,10,74.67203706777777,3
43166,11,35.1866464968,5
43166,12,77.22228601,2
43166,13,68.7,1
43166,15,27.864133565,2
43166,16,23.86337933,1
43166,17,23.63757227,2
43166,2,29.2347532225,2
43166,4,67.76427987606,5
43166,5,90.92145593666667,3
43166,6,99.34046196,1
43166,7,0.0,1
43166,8,95.56971264333333,3
43167,1,67.89865142166667,3
43167,10,56.541997869999996,3
43167,11,80.50778884666667,6
43167,12,84.158128635,2
43167,13,69.1,1
43167,15,68.6942513775,2
43167,16,0.0,1
43167,17,29.743418769999998,2
43167,2,33.58414943375,2
43167,4,66.4136435538,5
43167,5,89.47287356333334,3
43167,6,100.0,1
43167,7,55.96383958,1
43167,8,95.57091953999999,3
43168,1,77.77777778000001,2
43168,10,59.070393161666665,2
43168,11,98.70895559875001,4
43168,12,64.4134035775,2
43168,13,87.2,1
43168,15,100.0,2
43168,16,0.0,1
43168,17,16.0666983325,2
43168,2,15.114253458,2
43168,5,88.67555555666667,3
43168,6,94.79105273,1
43168,7,77.76614201,1
43168,8,94.78195402333334,3
43169,1,78.268441565,2
43169,10,73.50782355794445,3
43169,11,58.041752044,5
43169,12,81.1026998175,2
43169,13,28.5,1
43169,15,92.44262166249999,2
43169,16,0.0,1
43169,17,25.0,2
43169,2,27.615676264999998,2
43169,4,53.8121873116,5
43169,5,89.34666666666668,3
43169,6,100.0,1
43169,7,66.92091084,1
43169,8,95.68689655333333,3
43170,1,38.17243233960001,5
43170,10,39.9477036045,3
43170,11,53.8797777884,5
43170,12,94.8363391325,2
43170,13,0.0,1
43170,15,46.61594442,2
43170,16,40.30762271,1
43170,17,32.470461555,2
43170,2,24.32823434525,2
43170,4,45.50754702373,5
43170,5,86.73888889,3
43170,6,100.0,1
43170,7,74.84973373,1
43170,8,80.86579738166667,3
43171,1,71.84398841250001,4
43171,10,58.997016959444444,3
43171,11,29.260987098999998,5
43171,12,53.2590001085,2
43171,13,34.3,1
43171,14,53.82333333333333,1
43171,15,2.2526913895,2
43171,16,33.114222258333335,3
43171,17,40.205558155000006,2
43171,2,25.341745531,2
43171,3,57.131832688033334,6
43171,4,59.06706336070834,6
43171,5,95.34406130333333,3
43171,6,25.595238095,2
43171,7,0.0,1
43171,8,85.03846531333333,3
43171,9,3.531300161,1
43172,1,36.83018730333333,3
43172,10,82.20999039666665,2
43172,11,61.67321788875,4
43172,12,94.85448594249999,2
43172,13,0.0,1
43172,15,74.68818393750001,2
43172,16,42.79574757,1
43172,17,36.3173422975,2
43172,2,8.17252865475,2
43172,4,100.0,1
43172,5,87.44022988666666,3
43172,6,87.54736044,1
43172,7,96.56468749,1
43172,8,77.75545977,3
43173,1,100.0,1
43173,10,37.39539749,2
43173,11,63.9999516075,4
43173,12,72.188029895,2
43173,13,94.1,1
43173,15,88.6063906075,2
43173,16,0.0,1
43173,17,29.063830175,2
43173,2,35.21898364375,2
43173,5,84.76444444666667,3
43173,6,100.0,1
43173,7,100.0,1
43173,8,97.31781609333332,3
43174,1,55.55555556,1
43174,10,45.54774171333333,2
43174,11,59.10475461125,4
43174,12,66.556738545,2
43174,13,100.0,1
43174,15,90.6042687975,2
43174,16,0.0,1
43174,17,25.42382944525,2
43174,2,34.17029941375,2
43174,4,100.0,1
43174,5,64.43965517333334,3
43174,6,100.0,1
43174,7,95.51336652,1
43174,8,98.15321839,3
43175,1,59.935103025000004,2
43175,10,48.09877976388889,3
43175,11,67.3392550275,4
43175,12,72.30029382250001,2
43175,13,95.6,1
43175,15,62.142475555000004,2
43175,16,3.166704366,1
43175,17,50.0,2
43175,2,25.213282034125,2
43175,4,59.389091867000005,5
43175,5,95.07183908,3
43175,6,100.0,1
43175,7,96.95196547,1
43175,8,95.94729885,3
43176,1,57.791598895,3
43176,10,64.15221178333333,3
43176,11,74.04945998,5
43176,12,79.4907236375,2
43176,13,0.0,1
43176,15,86.54580641,2
43176,16,0.0,1
43176,17,29.737949905,2
43176,2,31.26606465575,2
43176,4,52.31535688365,5
43176,5,85.8454023,3
43176,6,100.0,1
43176,7,96.10719275,1
43176,8,88.74479524333333,3
43177,1,51.014115886666666,3
43177,10,26.202928869999997,2
43177,11,72.29087716699999,5
43177,12,94.657902475,2
43177,13,0.0,1
43177,15,66.7495282115,2
43177,16,0.0,1
43177,17,18.11059238185,2
43177,2,29.53484968,2
43177,4,100.0,1
43177,5,97.27011494333334,3
43177,6,100.0,1
43177,7,68.55375201,1
43177,8,92.95069720666667,3
43178,1,52.63303817,5
43178,10,65.72815930944445,3
43178,11,39.420809352999996,5
43178,12,87.379833375,2
43178,13,0.0,1
43178,15,24.87046632,2
43178,16,43.38384981,1
43178,17,31.138723104999997,2
43178,2,37.07864165625,2
43178,4,56.38751146303,5
43178,5,97.41379310333333,3
43178,6,69.52653588,1
43178,7,61.43254245,1
43178,8,92.73856057166665,3
43901,1,44.565662569666664,5
43901,10,49.70998212055556,3
43901,11,44.649099494,5
43901,12,18.090285753499998,2
43901,13,18.9,1
43901,14,77.30333333333333,1
43901,15,21.748548094999997,2
43901,16,25.01696449,1
43901,17,22.204401400000002,2
43901,2,33.81255008,2
43901,3,69.53825422533333,6
43901,4,66.59556901890001,5
43901,5,92.85919540333333,3
43901,6,65.067938435,2
43901,7,91.47119786,1
43901,8,78.93912268833333,3
43901,9,6.982343499,1
43902,1,55.68888327166667,4
43902,10,46.274590915555564,3
43902,11,40.8958964562,5
43902,12,47.390834925,2
43902,13,28.7,1
43902,14,100.0,1
43902,15,39.87802907,2
43902,16,27.980095,1
43902,17,26.844155935,2
43902,2,31.761668018375,2
43902,4,50.14570554395,5
43902,5,87.73180076666667,3
43902,6,100.0,1
43902,7,97.02362999,1
43902,8,93.54442528666668,3
43903,1,44.837318211466666,5
43903,10,34.779344149888885,3
43903,11,37.1861027298,5
43903,12,58.56583639750001,2
43903,13,0.0,1
43903,15,38.58126833775,2
43903,16,6.695317801,1
43903,17,22.971935962499998,2
43903,2,40.9475028375,2
43903,4,56.67341123362,5
43903,5,93.52011494333334,3
43903,6,100.0,1
43903,7,71.98496251,1
43903,8,91.866604385,3
43904,1,44.104885302,5
43904,10,36.98036277977778,3
43904,11,30.796830291000003,5
43904,12,72.889577035,2
43904,13,0.0,1
43904,15,19.546226022525,2
43904,16,19.79190228,1
43904,17,31.5813102175,2
43904,2,31.60140433375,2
43904,4,84.6,1
43904,5,80.56283524666667,3
43904,6,99.51166119,1
43904,7,66.34180358,1
43904,8,95.61643678166666,3
43905,1,35.169146702,5
43905,10,38.25727416922222,3
43905,11,19.723663130669998,5
43905,12,20.168353345,2
43905,13,37.6,1
43905,14,28.57,1
43905,15,0.0,2
43905,16,38.939154036666665,3
43905,17,49.35266574,2
43905,2,25.4074658255,2
43905,3,54.856160292999995,6
43905,4,48.184737691524994,6
43905,5,86.27490421333334,3
43905,6,44.3807459,2
43905,7,62.00477281,1
43905,8,81.98254569333334,3
43906,1,47.075793280000006,5
43906,10,41.763353411111105,3
43906,11,39.7419050676,5
43906,12,39.298039695,2
43906,13,0.0,1
43906,14,66.47666666666667,1
43906,15,26.69837487425,2
43906,16,65.3245872,1
43906,17,47.878569209999995,2
43906,2,44.12324530625,2
43906,4,80.5,1
43906,5,91.68295019,3
43906,6,69.67528276,1
43906,7,7.492200149,1
43906,8,93.53560212500001,3
43907,1,54.05850554208333,4
43907,10,73.20168287944445,3
43907,11,38.807311501799994,5
43907,12,71.179131415,2
43907,13,0.0,1
43907,15,0.0,2
43907,16,97.03686949,1
43907,17,50.0,2
43907,2,10.9011334538875,2
43907,4,87.6,1
43907,5,90.80842911999999,3
43907,6,10.11904762,2
43907,7,96.55853447,1
43907,8,92.64817608333333,3
43907,9,13.48314607,1
